"","germplasmName","SN","CHVN","EAN","EEN","NECRO","NAF","NWF","CBSDs3","CBSDs6","CBSDs12","observationUnitName"
"1","Mkumba:1",-0.0333554337422603,-0.0388841558652435,47.8403452576656,0.0512569237358315,-0.85017450552019,-0.415011865508948,0.0099543726000527,-0.315472648437203,-0.379835322715095,-0.612913210061368,NA
"2","TMEB204:1",0.0476513363192594,-0.00829501647661692,33.0271264338734,-0.0162440731329163,0.759148714380503,0.366015920330517,0.00554051962942338,0.477677477413036,0.596866477082819,0.691573888650005,NA
"3","UG110017:1",-0.0143961875804734,0.0468905000588794,18.2048154015978,-0.0350046715661369,0.0792259200880481,0.0366767223245561,-0.0152224414040966,-0.162712582368271,-0.217705273865505,-0.0807389473976318,NA
"4","UG16F001P002",-0.0257831334889846,0.0289379178980106,-0.356808736534522,-0.01182265037162,0.527846286422567,0.478106123022055,0.146894327860961,0.293787671498353,0.477014107475059,0.267010104862996,"C2_GS_2018_2372"
"5","UG16F001P006",-0.0308615540366554,0.0229089347222026,-0.316084815965327,-0.0062740519243823,0.327751819089724,0.399726672052755,0.113299918478387,0.24473577322874,0.0938783181917178,0.500269736572998,"C2_GS_2018_2376"
"6","UG16F001P014",0.0525889572643393,-0.0137771683541281,-1.05468490800564,0.0181377499488486,-0.748406070495743,-0.698714801557246,-0.258880452484755,0.281915204603637,-0.303580138425473,-0.238997568648858,"C2_GS_2018_2384"
"7","UG16F002P001",-0.0156124464199872,0.0101309158138703,-0.179657583516245,-0.00586197028897274,0.162891427518897,0.166951782667886,0.0256621196552969,0.436944775055651,0.354184082728621,0.20429298187906,"C2_GS_2018_2391"
"8","UG16F002P002",0.0183195354623416,0.0165381846817083,0.478228489705117,-0.00673223554054474,-0.282513660344547,-0.265936510271022,-0.116670916547517,-0.29850603313554,-0.377417410191665,-0.38503730508523,"C2_GS_2018_2392"
"9","UG16F002P004",0.0717269895664216,-0.0306095822582371,-0.518268167022205,-0.0211686867579956,0.0677467151437852,-0.243065406006599,-0.25786572584682,0.0681237417727234,-0.0137860377976888,-0.167425801856976,"C2_GS_2018_2394"
"10","UG16F002P011",0.00753516107508156,-0.0153353975402952,0.386806158432693,0.0054756626867414,-0.181992187901785,-0.154188162869158,-0.0920787118000619,0.314831587347003,0.362543536408765,-0.142959180864405,"C2_GS_2018_2401"
"11","UG16F002P014",-0.0319228195084089,-0.00176413554752735,1.78085589737557,0.0135481674299961,-1.00563255889801,-0.1766457871868,-0.0481062711262056,-0.263932492081009,-0.372012969797226,-0.379426067390537,"C2_GS_2018_2404"
"12","UG16F003P002",0.0172557847975248,-0.0236666130217153,-0.90127599439577,-0.01430359015318,0.0771874484578773,-0.0272959051123678,0.0088701708327504,0.129480256020486,0.169132420885444,0.299979456893894,"C2_GS_2018_2412"
"13","UG16F003P007",0.023668519039554,-0.0169866049061163,-0.070542205440585,0.0129238661872667,-0.250331483009305,-0.302829771942105,-0.0917383096430185,-0.142148285476102,-0.271880633091338,-0.383693663056303,"C2_GS_2018_2417"
"14","UG16F003P013",-0.0268059665392031,-0.02109524379972,-0.511045745540345,0.0175839137256597,-0.660793225763534,-0.0369805445328307,0.07145390587443,0.216622512769614,0.141493040844081,0.472181054721255,"C2_GS_2018_2423"
"15","UG16F003P014",0.00274100557418701,2.73632775370764e-05,-0.676649511449715,-0.0175843935583951,0.531838285885504,0.258527532848638,0.0463088596907751,0.613486410919206,0.482072960922713,0.69027624298068,"C2_GS_2018_2424"
"16","UG16F004P004",0.0203889237254403,-0.00150127492539147,0.291536911458595,0.00630537225804059,0.497476515775283,0.0451343298377884,0.0281395068065083,0.305745520050543,0.300855457988654,0.240811089017993,"C2_GS_2018_2434"
"17","UG16F004P014",-0.0125617286015765,0.0171879068036445,-0.10168982457384,-0.0096131648208039,0.1645323933414,0.194519337127244,0.0588394817707984,0.0294063285648062,0.00958372839236945,0.614349162666947,"C2_GS_2018_2444"
"18","UG16F005P002",0.0263608596160375,-0.0118854252632617,-0.725473785081524,0.00028595397266087,-0.192537319411804,-0.262389317742197,-0.22280458458063,-0.155765014018203,-0.291841480148731,-0.0677137316488328,"C2_GS_2018_2452"
"19","UG16F005P014",0.00962876605176584,-0.00314676105285778,-0.435542915031292,0.00259845850746547,-0.0690236945303443,-0.129769397007602,-0.02653549108063,-0.196574093673158,-0.306397455263894,0.104474203901126,"C2_GS_2018_2464"
"20","UG16F006P001",-0.00917810877856507,-0.0128866980264239,-1.48799815944246,0.00230428917661808,0.184967390444025,0.145045143303251,0.0537188805509857,0.258985300308597,0.394289707228416,-0.108313465870321,"C2_GS_2018_2471"
"21","UG16F039P020",-0.0304396577277634,0.0106658351399234,0.439408327548812,0.00334626100529531,0.280552276914912,0.368478517783702,0.1659397092563,0.136159650980943,0.547692714631723,-0.0680733581327732,"C2_GS_2018_3020"
"22","UG16F040P006",0.0105236156531916,-0.0114784639246519,-0.543429341196688,0.0180456970976094,-0.806536070271856,-0.315046756201722,-0.0280459049226004,0.325355968397547,-0.00372190177511602,-0.245947831510412,"C2_GS_2018_3026"
"23","UG16F043P001",0.0236015775736439,0.0101320898746842,2.20088101122082,-0.0110266767166975,0.0841598459531906,-0.0577252932597348,-0.0623177600117008,0.644898861468121,0.443152722066716,0.185574314298399,"C2_GS_2018_3051"
"24","UG16F046P007",0.0184351682458441,0.00173807941056115,0.162631164768708,-0.0117953101956691,0.124234671609242,-0.058356714310942,-0.060901774465602,0.40324718720138,0.127872850019559,0.231146556806048,"C2_GS_2018_3087"
"25","UG16F050P002",-0.0073218698743609,-0.00520535822191571,-0.253798553817793,0.00564209729062905,-0.0448709491688385,0.0253727844216084,0.0481927434494265,-0.174282813676329,-0.25247163063932,-0.011273605813381,"C2_GS_2018_3132"
"26","UG16F051P002",-0.0244618650887622,0.0354525264538267,-1.01996087378877,-0.0275132238289613,0.418483168970613,0.326521165651638,0.112057032659653,0.395739787518547,0.336333126687509,0.442781381923673,"C2_GS_2018_3142"
"27","UG16F052P001",-0.0523874766297577,0.0151378942614872,1.7663391165227,0.00306850995065119,0.17394158569654,0.497758302995965,0.227869732985279,-0.00525635070554849,-0.394508524925028,-0.0721900335817543,"C2_GS_2018_3151"
"28","UG16F055P002",-0.0269654818384927,0.0213842384934068,0.881437211940196,0.00479195083854183,-0.118077244583682,0.17464699826188,0.115190184324659,0.212463679665882,0.0907189800211036,-0.227068000838515,"C2_GS_2018_3182"
"29","UG16F056P004",0.0174634490464834,-0.0014615993695996,0.241639424326381,0.0134028949406763,-0.345937903031777,-0.363918520468391,-0.117823634973937,0.22116963408311,0.197404126793754,-0.00978725527641333,"C2_GS_2018_3194"
"30","UG16F059P001",-0.0201670080058483,0.0023514084501721,-0.124910200454863,-0.0107408596377332,0.0708614193009443,0.163688204591966,0.0278541051971941,-0.134628856097362,-0.189603737387623,-0.316850351684834,"C2_GS_2018_3221"
"31","UG16F061P003",0.0112695170003484,-0.00167413422598473,-0.565032606214664,-0.027657605770169,-0.198063036628759,-0.189070355071469,-0.135113912895744,-0.151846797645226,0.49014941716125,0.493237059123166,"C2_GS_2018_3243"
"32","UG16F062P001",-0.00793609494958848,0.0164423830740551,-0.463596481292752,-0.00446991045474259,-0.268794225191417,-0.033476221541485,-0.0285291240688191,0.070650292164051,-0.0371403283323722,-0.287848267484217,"C2_GS_2018_3251"
"33","UG16F063P002",0.023488759764858,-0.0244879375889914,-1.53005022602349,-0.0162989456778033,-0.286648052034065,-0.368209877049427,-0.175908182383902,0.13020832643965,0.285220417090494,-0.237210108746059,"C2_GS_2018_3262"
"34","UG16F064P002",-0.00329171766815067,-0.00256607572693027,-0.310186888218862,0.000505164404694764,0.145996389133482,0.181414340588685,0.0734451642646697,-0.0639848185953445,-0.147772457951084,0.28216660935224,"C2_GS_2018_3272"
"35","UG16F065P002",-0.0484456114043434,-0.00652107798119612,2.41229822099482,0.00486655206860734,0.211001908215313,0.460482226055209,0.155605252130116,-0.249926396889311,-0.0761759280080333,-0.250270451771339,"C2_GS_2018_3282"
"36","UG16F066P001",-0.0725360967781781,0.0102998553898516,-0.124073961672778,0.0049208180781142,0.491660294912883,0.723049878160183,0.287621773298731,-0.293081584901476,-0.375197859656193,0.36330206362377,"C2_GS_2018_3291"
"37","UG16F068P001",-0.00957464817295126,0.000628843938338046,0.59081522785369,0.00188692974853628,-0.104488813575068,-0.00321371773542183,0.016999913447411,-0.15516939471642,-0.211143371045118,-0.236407915155457,"C2_GS_2018_3311"
"38","UG16F070P003",-0.0365182922641727,0.0079928921171219,0.46780699725632,0.0135724462323605,-0.412515039718221,0.00178721003156765,0.101471634787826,-0.0719419490314857,-0.0968256956633637,-0.181677441796161,"C2_GS_2018_3333"
"39","UG16F073P002",0.0267157785042551,-0.0250356345903798,0.479254861983982,0.0175713241050412,-0.487889280889648,-0.43590636529081,-0.137579084921537,-0.175399578602539,-0.312825321180053,-0.426556582433578,"C2_GS_2018_3362"
"40","UG16F074P004",-0.0370413685581169,-0.0144167226246823,-1.1057631213678,0.00766079150580875,0.261176520731835,0.382368452480391,0.0556541031449168,-0.303554218400566,-0.10263892601656,-0.432534272722936,"C2_GS_2018_3374"
"41","UG16F075P004",0.0613696359650511,-0.0213176917441084,2.94891730832867,0.0131718878362286,-0.372103527515695,-0.560680088921039,-0.319739363641146,-0.276535725392505,-0.363445839370136,-0.242233402257708,"C2_GS_2018_3384"
"42","UG16F076P001",0.0197998859847918,0.0158134819621842,0.231586162085627,-0.00265585694343949,-0.74321990913762,-0.486999343096869,-0.134776464057533,-0.155796861955003,0.327742511472092,-0.447402646361161,"C2_GS_2018_3391"
"43","UG16F077P001",-0.0155446851265763,-0.00180155572951866,0.581918958794223,-0.00187280609830411,0.0624476848946679,0.177315364553088,0.0423679378609696,0.324434563800378,0.364323754542131,-0.304919950745369,"C2_GS_2018_3401"
"44","UG16F078P001",0.0238713588205514,-0.00977318073580804,0.0632953480535521,0.0211108860864633,-0.0335139368081455,-0.247216725626984,-0.012213640845836,0.26120491444998,0.550317806866602,-0.354123413837868,"C2_GS_2018_3411"
"45","UG16F081P004",0.010947778411698,-0.0272671028661401,-0.132761142741638,0.0082619066137334,0.0540603978911597,-0.11450448476287,-0.043607703790878,0.0511280322777537,-0.0810027383598615,-0.402931048904963,"C2_GS_2018_3444"
"46","UG16F082P001",-0.01393800106908,0.00378774581077442,1.53694595154541,0.00556759919894866,-0.414538274927273,-0.119568403556367,0.0196860789085424,0.334875502625703,0.190745425371937,-0.0505825037180566,"C2_GS_2018_3451"
"47","UG16F082P002",0.0352531198423471,-0.0127026436212204,-0.786682951112738,0.0177610733267365,-0.140886680100593,-0.296456286736042,-0.119517649286205,0.439638660679329,0.34940703740058,0.396225567310927,"C2_GS_2018_3452"
"48","UG16F082P003",-0.0242602797678688,0.00221645565046274,0.292952821254648,-0.010257823749281,0.340575972561605,0.350938615185551,0.141955002127705,0.433532852091899,0.564065917440412,0.157599228825969,"C2_GS_2018_3453"
"49","UG16F083P003",-0.0121099540498217,-0.0191458548955618,1.09101233776826,0.0129112345025733,0.228516878314584,0.157289901803244,0.0418261706935252,0.131147344972512,0.302568680003071,0.20538627943383,"C2_GS_2018_3463"
"50","UG16F084P001",0.0113607917830104,-0.0100954870326053,1.06280604341993,-0.00470861462214538,0.265961689388251,0.0962637101742977,0.0198022833147657,-0.0517740992682487,0.255907684536591,-0.0647026940020086,"C2_GS_2018_3471"
"51","UG16F086P004",-0.0724140927103226,0.0595611853041254,2.39377598402573,-0.0336033618197473,-0.0201295751030939,0.609714831640108,0.231019954449017,-0.283959137265017,-0.417546025597305,-0.312211691586475,"C2_GS_2018_3494"
"52","UG16F088P001",-0.00584746557565056,0.00844634239074317,-1.29600255772838,-0.015346548566599,-0.16597023785157,-0.0764697947205174,-0.0333238358942484,-0.151498322967227,-0.12736769703508,0.0165104686798034,"C2_GS_2018_3511"
"53","UG16F089P002",-0.0153609963340372,-0.0129219348713961,-0.128232419097068,0.00505475363174985,-0.275634509031335,-0.0381053891297456,0.0163409552833682,-0.0833172498066677,-0.20537141560221,-0.0276909942535886,"C2_GS_2018_3522"
"54","UG16F091P001",0.0169071075869038,-0.028236855214392,0.702232692011485,0.0209745702247225,-0.458106342823586,-0.434977729491631,-0.135991260875982,0.298120011033673,0.176295615147484,0.308279061899056,"C2_GS_2018_3541"
"55","UG16F091P002",-0.0522109667920394,0.0172887594591886,0.40585438755207,0.00322017692845272,-0.394356160369549,0.0383314021910909,0.140416399858989,-0.128165806651893,-0.285857350874138,-0.105001705762832,"C2_GS_2018_3542"
"56","UG16F098P001",0.00921518143482296,-0.0111251147523441,-0.936621055863776,0.00437779110533444,-0.244567637409814,-0.152043626840757,-0.0788534374226265,0.221420418085361,0.0113496551147093,-0.0710541932830319,"C2_GS_2018_3611"
"57","UG16F100P002",0.0329830521287353,-0.00127492434539895,0.937213409675815,0.0194987251312678,-0.211194602000346,-0.341427665816912,-0.10164044595231,0.0450776763360087,-0.0774837073525242,-0.434521359789966,"C2_GS_2018_3632"
"58","UG16F103P002",0.00786602412322322,0.00371318880903276,-0.0428141364850028,-0.000128169981843844,-0.265010571632348,-0.187435970957862,-0.0318975962940619,-0.158078261772936,-0.150427146787902,-0.0309115003447791,"C2_GS_2018_3662"
"59","UG16F106P001",-0.0175649822424366,0.00157795702260364,0.336612278166102,-0.00540035767858276,0.118187141277432,0.169423096317394,0.0921284335445506,-0.0496656474141091,-0.0760685767943148,0.37055110310224,"C2_GS_2018_3691"
"60","UG16F107P001",-0.0022466707897484,-0.00812473021166416,-0.62752139923025,0.00197058120221874,-0.236143134201442,-0.13965728673394,-0.0414779530860813,-0.158964482747332,-0.180062162907898,-0.345059515692454,"C2_GS_2018_3701"
"61","UG16F108P001",0.00602799496155991,0.00761657688293524,0.0839586011290122,-0.00910393928606574,-0.108353820166208,-0.154021275779545,-0.0207424352422231,0.0620947077945374,0.0471861419091349,-0.0269458935332482,"C2_GS_2018_3711"
"62","UG16F110P001",-0.0361407929440047,-0.000855069390773014,0.947863995027499,0.0100329978896242,0.162272991978743,0.259838862189322,0.154083487758675,-0.159396748788631,-0.242362777182502,0.299890823621949,"C2_GS_2018_3731"
"63","UG16F112P001",0.00632260137963853,-0.0183640062777111,0.5078616121208,0.00595800435041501,0.218064679319412,0.0363830344290993,-0.011845415341968,-0.0964437088213139,-0.164508454042363,0.248694282515598,"C2_GS_2018_3751"
"64","UG16F113P001",-0.025409373280202,0.0174409668662897,0.536306687283768,-0.0358800354305947,0.218764547058101,0.235974536273142,0.0746924280468075,-0.150759381527379,-0.276563733378085,0.416316896093013,"C2_GS_2018_3761"
"65","UG16F114P001",0.00525253271735304,0.0361486408239713,-0.282241503244054,-0.0218879998153911,-0.196320412111946,-0.140557567995256,0.0481540311928925,-0.290919890397556,-0.460062983177877,-0.45924826977176,"C2_GS_2018_3771"
"66","UG16F115P001",-0.0214433998893651,-0.00161830551341128,-0.00387533098603489,-0.00106644571099884,0.395888934278264,0.373839223139661,0.119682876552703,-0.0169296389515769,0.525050734597351,-0.0990913719260908,"C2_GS_2018_3781"
"67","UG16F119P001",0.00614702407240038,-0.00749474279795541,0.458885738868028,0.0107712045178424,-0.232435888514529,-0.219230123730845,-0.098024631192006,-0.18757632584201,-0.181037344081005,-0.143552652157827,"C2_GS_2018_3821"
"68","UG16F124P001",-0.00906439046589413,0.0178576613715893,-0.451608467370268,-0.0121923524407648,0.452315005060443,0.209668484150693,0.0607603048840041,-0.152979545145263,-0.191739015912491,0.544167490235611,"C2_GS_2018_3871"
"69","UG16F125P001",-0.00885553421368326,0.00511281558038746,-0.420013360363035,-0.0119126277021176,0.358111209007058,0.309166970676434,0.0331847478942586,0.223171313995341,0.241155834876075,0.210463812942697,"C2_GS_2018_3881"
"70","UG16F126P001",0.000952804486714345,-0.011631892183721,0.563301179444692,0.0195527610583238,-0.0352265227799657,-0.0796149958589226,-0.00434970860239171,-0.162533789924627,-0.296404689857071,-0.0151661015440808,"C2_GS_2018_3891"
"71","UG16F127P005",-0.0224913433177852,-0.000969738995913393,-0.239777824953556,-0.0103971276876808,0.177236592917448,0.239781804120153,0.0810927111340044,-0.167528374875651,-0.206750409854694,0.358290197241184,"C2_GS_2018_3905"
"72","UG16F131P001",-0.0555162073492622,0.0164808796775486,1.09142573029567,0.00834057136728879,-0.782388687875886,-0.00636869516467435,0.185414595829896,-0.290518738944148,-0.022092671421109,-0.522485856344567,"C2_GS_2018_3941"
"73","UG16F133P004",-0.021310745660503,0.0237304360465973,0.0719198967710413,-0.0123718505981657,0.30850899708359,0.253922605543694,0.0875595883277892,0.0154713998529285,0.202714139788317,0.399003347396365,"C2_GS_2018_3964"
"74","UG16F133P021",-0.00751918214811697,0.00244647116459214,-1.10891638813597,0.00714881421782351,0.160003281456738,0.0828079479247031,0.0581300632176493,-0.152703313457335,0.101996682012697,0.127368807495988,"C2_GS_2018_3981"
"75","UG16F134P002",-0.0252482496689937,-0.0012625678809648,-3.59103585726087,-0.0106182127508061,0.331044042941081,0.330500848999471,0.0203228849808776,-0.113203470001215,0.497908647301687,-0.247209139941433,"C2_GS_2018_3992"
"76","UG16F135P001",-0.0236886236678354,0.00713574470740773,-0.298063932876493,-0.00036662550609825,0.276473537108981,0.317839507682698,0.0676090083980402,-0.17392136605125,-0.251923113430572,0.343722023172361,"C2_GS_2018_4001"
"77","UG16F136P001",0.00159221336129373,-0.0239802441282151,0.12595024151396,0.0206232619168757,-0.259154907731144,-0.166988298230294,-0.0584084205531008,-0.193108312425692,-0.370578972700377,-0.386954063100219,"C2_GS_2018_4011"
"78","UG16F138P005",-0.0127427680670103,-0.0161275880996288,0.197777935049565,0.0203499704082756,-0.0761972855693057,0.0905652260898048,0.00786089439859147,-0.162352655150404,-0.101858974697455,0.0626286046538736,"C2_GS_2018_4035"
"79","UG16F140P001",-0.0153680592934625,-0.00233770107234026,1.88982846868869,-0.00521584530451672,-0.63521537394408,-0.290165589977812,0.0405211311790341,-0.262053732477904,-0.276790909104063,-0.168154669146009,"C2_GS_2018_4051"
"80","UG16F141P001",-0.0114380497726235,0.000104067446370534,-0.0843312587866343,0.0129006436316597,-0.0467542832873561,0.0606696607296905,0.0231411496332488,-0.108088818932629,-0.167119505773255,-0.420331225451295,"C2_GS_2018_4061"
"81","UG16F142P002",0.00704861598805919,0.0246839617663256,0.932250400065351,-0.0358166923750789,0.167209749409772,0.051053063790898,-0.00832415387188043,-0.191649063391699,0.104159604507313,0.675747417684962,"C2_GS_2018_4072"
"82","UG16F144P001",0.0407070414144581,-0.0103683288194714,-0.231310910712704,0.0146626674419945,-0.0816079918230087,-0.292079824598948,-0.12804563453276,-0.175955457772036,-0.283961787138455,0.0227226256164031,"C2_GS_2018_4091"
"83","UG16F145P002",0.0320580378825896,-0.0231433870548902,-1.13660452519344,-0.0396729693913673,-0.601435837999406,-0.553443784355499,-0.200653768508158,-0.190144426012493,-0.269303048944058,-0.4150730133833,"C2_GS_2018_4102"
"84","UG16F146P001",-0.000670044114353946,0.00561032238465032,0.234009062075516,0.0019963104556111,0.345763595841903,0.11829931875123,0.0528831337165645,-0.150357852802378,-0.158966202345878,-0.0421926090262794,"C2_GS_2018_4111"
"85","UG16F147P001",0.0106514318910803,-0.00352295325390348,0.74390772213088,-0.0197313872785693,0.23164857257813,0.0636014283198252,-0.0245119982257295,-0.121615209142354,-0.223731985931891,0.204054856176464,"C2_GS_2018_4131"
"86","UG16F147P002",0.030588198208624,-0.0238644515536855,2.1036925846051,-0.0175089993197437,-0.00388828649345716,-0.208211825408962,-0.0947986287397615,0.0491752659544972,-0.295619039961117,0.269820019724111,"C2_GS_2018_4132"
"87","UG16F148P001",0.0032072650083179,0.00214306153552702,1.28416407601004,-0.0170808771781208,-0.492680273853291,-0.272558507666753,-0.0482744714161888,-0.182315545876527,-0.256363046061303,-0.295994555907152,"C2_GS_2018_4141"
"88","UG16F150P001",0.0106591991720787,-0.0108671841522327,0.0731012561765765,0.00892080720437746,-0.105238833853294,-0.182867175766788,-0.060233249070711,-0.277636134169437,-0.357922812760298,0.00128111590677053,"C2_GS_2018_4151"
"89","UG16F150P021",-0.0340577400062205,0.00918642637360088,-0.0885596147407128,-0.00148366902612924,0.339155148057924,0.451598346966007,0.161948313326183,-0.134858962098537,-0.237587146915685,-0.0255818049152282,"C2_GS_2018_4411"
"90","UG16F152P002",-0.0193646545601879,0.0321859021778846,0.186496024359718,-0.0150941603678571,0.617088619415103,0.440152659490439,0.128731524158125,-0.179622400059828,-0.121792933556404,0.626123527589958,"C2_GS_2018_4172"
"91","UG16F156P004",-0.0101327424212594,0.00601749928725836,-1.22361287242872,-0.00470690722843814,0.219885859145734,0.128148304675689,-0.0502320916551597,-0.179861715298298,-0.267339983905254,-0.0572202707189133,"C2_GS_2018_4214"
"92","UG16F158P005",0.0243517419760242,-0.0132309033298691,-0.297328812567102,0.00862923399898361,-0.355219916952289,-0.420600845445579,-0.128925798037801,-0.20276001815949,-0.0281083290443635,-0.0905139075475047,"C2_GS_2018_4235"
"93","UG16F160P005",0.00349829394735669,-0.000431630383204115,-0.186665393105272,0.00803465774312733,-0.298728281538656,-0.0985201841344039,-0.0927625173624003,-0.179490877021235,-0.266969992223202,-0.164203208974042,"C2_GS_2018_4265"
"94","UG16F162P002",0.0721039840576583,-0.0395376933803197,-2.45882144686464,0.0251673499324773,-0.469890414998741,-0.685005278114666,-0.215081840766109,-0.169156052385693,-0.219670997859725,0.129706897048116,"C2_GS_2018_4292"
"95","UG16F163P002",-0.00122064902464335,0.00350697123849585,0.18698156684214,0.00305603496745332,0.0173460485244768,0.0404417401190814,-0.0500526239322872,-0.155948710006963,-0.163135737112412,0.0432363804865817,"C2_GS_2018_4312"
"96","UG16F164P006",0.0159580189735756,-0.0139079011621665,1.02334902778968,-0.00373780426060088,-0.170001370205983,-0.232432798913095,-0.0888058882820984,-0.131855267377723,-0.107970149710341,-0.047196572336398,"C2_GS_2018_4326"
"97","UG16F165P001",0.0390029346936867,0.0269725680517653,-1.27183708948394,-0.0249871797242382,0.552037851530486,0.128659154044287,0.00851475944581261,-0.298690874984227,-0.407296456025983,-0.0188579763963306,"C2_GS_2018_4331"
"98","UG16F166P005",0.0320537718656212,-0.0105271556510721,0.436968356414591,-0.0271866266566611,-0.391992149616442,-0.375876119938378,-0.263901473773483,-0.253250612742538,-0.340066603952822,-0.276893843971196,"C2_GS_2018_4345"
"99","UG16F168P001",0.0727457667455519,-0.0825734657826789,1.35478435333119,0.02942887347546,-0.567015564698901,-0.791581264702956,-0.356366309922008,-0.270129396397681,-0.208688892025346,-0.0945833862288399,"C2_GS_2018_4371"
"100","UG16F172P012",-0.0577181669598102,0.0137504292645127,0.703241302525124,0.0112248320665935,0.375359932962371,0.733628567581344,0.24991582987375,0.106558042500366,0.0554055186808708,0.0802818326655226,"C2_GS_2018_4432"
"101","UG16F174P002",0.0162188487694468,-0.0337315455510639,0.802010808136228,0.0357004674991631,-0.135392806569223,-0.187623022322333,-0.0406165720742508,-0.135823251646766,-0.228004381627934,0.512814522119408,"C2_GS_2018_4452"
"102","UG16F175P002",-0.0185421414061829,0.00979832289856162,-1.03545588460737,0.00774700171551008,0.328244716635791,0.304452054426722,0.139592287533353,0.20667974656229,0.205290959855636,0.440324969057677,"C2_GS_2018_4462"
"103","UG16F182P001",0.0029731140538881,-0.0121135263616341,-1.33329463103889,-0.000703744434424774,-0.283648212238805,-0.219060676162957,-0.0536888836069107,0.0851627306382328,0.412886255924729,-0.306326579345519,"C2_GS_2018_4531"
"104","UG16F183P015",0.0203343737278644,-0.0170264156610301,-0.662163491515487,0.000544473770277048,-0.0665413817272217,-0.187604562239033,-0.0515798821818315,0.0641194418630047,0.117625314248277,-0.0620848087534786,"C2_GS_2018_715"
"105","UG16F183P025",-0.0354222471339244,0.00592864037296527,0.307763349849953,0.00274410324600628,-0.0708130684502567,0.177052063015983,0.160776418464947,-0.0741890728782898,0.0187217542582141,-0.188480322941511,"C2_GS_2018_725"
"106","UG16F183P032",-0.0106940479128384,0.000787696370544696,0.104002871304562,0.00112428291928876,0.30340811664929,0.213295570361229,0.0765808558347295,-0.0964442054007741,-0.220286457003379,0.299536558917989,"C2_GS_2018_1972"
"107","UG16F183P041",0.00355383260388814,-0.0245962911627726,-0.711484005911679,0.0116809741718187,-0.229417808673444,-0.22275864387777,-0.101105578471039,0.30624024554419,0.316594832614776,-0.473924740644181,"C2_GS_2018_1981"
"108","UG16F183P065",0.00932005096768986,-0.000711426788424017,1.66455982270212,0.0076593957948469,0.225786878982952,0.103646201501728,-0.00562266087651847,0.215237979642587,-0.0320173487832195,-0.245473628239543,"C2_GS_2018_2085"
"109","UG16F184P008",0.00109149298576564,-0.0170542120092063,0.698066121345614,0.0197036879193191,-0.206277281117082,-0.121567243948008,0.0316211836881627,-0.0429528967159578,0.440919864169116,-0.446374039886396,"C2_GS_2018_4918"
"110","UG16F185P007",0.022404266594519,-0.0174133214367751,1.03527875874214,0.00184350976129117,-0.631155342545629,-0.46844721387961,-0.138020182461967,0.123519619532628,0.513314601184242,-0.34982664824815,"C2_GS_2018_4937"
"111","UG16F186P006",0.0110493991107648,-0.0251099671219574,0.673212509531611,0.0187878236089827,-0.303232209627095,-0.28873334449028,-0.0681116720213542,0.222472451456547,0.202821726653033,-0.160574085393377,"C2_GS_2018_4956"
"112","UG16F190P007",0.00933027678346765,-0.0406818539175368,-1.46048026901419,0.0239074208203982,-0.299989334213471,-0.239179240845834,-0.104034205416426,0.0124341224564553,-0.001830927852086,-0.327532540636702,"C2_GS_2018_5007"
"113","UG16F191P002",-0.0106481324841092,0.0192551588411972,-0.281517218669268,0.00302376380481227,-0.0413061279227571,0.0399850767649427,0.0735115915369388,0.161745669813522,0.352672099351733,-0.118008128326592,"C2_GS_2018_5022"
"114","UG16F192P001",0.00571495467909693,0.0040687048101129,-0.740818201014989,0.00648198160911862,-0.255740257482991,-0.139778675883522,-0.0568099560334333,-0.182381168602286,-0.14086990401061,0.0714150930056085,"C2_GS_2018_5031"
"115","UG16F192P004",0.00290921885085787,-0.00100710249224471,0.0743021892081049,-0.0126602863176743,-0.0507850397005254,0.00456091859368232,-0.00925409074199048,0.0264236029225832,-0.0481738857431952,-0.266636709755457,"C2_GS_2018_5034"
"116","UG16F193P004",0.000429266950605566,-0.0097409822812682,0.0407520378375218,-0.00165012658423882,0.129848682513596,0.112028790098937,-0.0171448017812883,-0.179781908943348,-0.0299578707024386,-0.293760760182563,"C2_GS_2018_5044"
"117","UG16F194P001",-0.00192563946935581,-0.00577841818707991,-0.0683703113763785,0.010388116228492,-0.269351815822937,-0.0731455461666716,-0.061738473411213,-0.179623101529982,-0.0234077726363235,-0.061593114507381,"C2_GS_2018_5051"
"118","UG16F195P005",0.0210773577255064,-0.00912714650105554,-0.103835433191825,-0.000996548369331959,0.230902156247479,-0.00409733155849265,-0.050664859815358,-0.176266867222762,-0.284487211955165,-0.454214057252929,"C2_GS_2018_5075"
"119","UG16F196P002",-0.00884734243298202,-0.00167354050335746,0.374509942203408,-0.00405765099576747,0.118557532502796,0.120610036524296,0.0516206871242638,-0.176327221664277,-0.284588835652016,0.512061336511095,"C2_GS_2018_5092"
"120","UG16F197P002",-0.00735125570229899,0.00837898644881248,1.23652355848194,0.00689534451579372,-0.354637995439617,-0.0593542707155167,0.0320405050852557,-0.198169054288473,-0.303257618829723,-0.440114727181165,"C2_GS_2018_5102"
"121","UG16F198P002",-0.0120575804004831,-0.0028832674985839,-0.079184999031471,0.0160021570318714,0.154910705833252,0.126655003813188,0.0632639189229631,0.0892465213462915,0.37400464118101,0.486068215349005,"C2_GS_2018_5112"
"122","UG16F199P001",0.00144452753762115,-0.00679289632452617,-0.468146603629353,0.0101616866371674,-0.0835424325307645,-0.0288775601581463,-0.0186365027755627,-0.108075642510075,-0.090711047496422,-0.314492640632994,"C2_GS_2018_5121"
"123","UG16F200P001",-0.0125690373472183,-0.011017201251825,1.15209493428492,0.0180762348831652,0.103694796359117,0.0769601601207432,0.0568214531832968,-0.186143166394754,0.28368724454896,-0.336733757854377,"C2_GS_2018_5131"
"124","UG16F202P002",0.00310305413800438,0.0125290281021758,0.962073840879679,-0.0256572218131066,0.408243159478005,0.209219136906511,-0.019660528241592,-0.155237257751399,-0.290808868337139,-0.418455815904558,"C2_GS_2018_5152"
"125","UG16F202P004",0.00323393289559705,-0.016463422748886,-0.115907010988573,0.00284013650223402,-0.416740462786865,-0.279597060183496,-0.0984444884150716,-0.190951382894884,-0.0412288370005881,-0.427809759612843,"C2_GS_2018_5154"
"126","UG16F205P001",-0.00105385201641494,-0.00693878614456841,-0.0240631969087101,0.00377610949772437,-0.308523964755942,-0.118258426395403,-0.0418218313824822,0.0114071184413137,0.280805297404274,-0.129437373950667,"C2_GS_2018_5181"
"127","UG16F207P002",0.0034273345647911,-0.0125304497800292,0.291851302189488,0.0139549548672383,-0.255410250607357,-0.158324580548539,-0.0877738455075209,-0.0895707389973874,0.371709264403664,-0.420579230284226,"C2_GS_2018_5202"
"128","UG16F207P005",-0.03627042028499,-0.0107617484622851,0.186836631976895,0.0323442838400637,0.0669870773518345,0.247487879663741,0.121591509215881,-0.207734017344629,-0.105229365434303,-0.481348950834836,"C2_GS_2018_5205"
"129","UG16F209P003",0.00077485795805851,-0.00173631627751147,-0.00186600051117048,0.00696308338583423,-0.282583364555703,-0.159784545439997,-0.0386806074838789,0.301690439946427,0.44497259678721,0.135471548360097,"C2_GS_2018_5223"
"130","UG16F210P001",-0.00129859194560929,-0.00831765321228239,1.83404587915709,0.0313747067465174,-0.267736107953823,-0.18779623074527,0.044291131255204,-0.281585574711261,-0.428977567927195,-0.137424336619965,"C2_GS_2018_5231"
"131","UG16F211P003",0.0027389215609673,-0.000773588674165234,0.918033687310254,0.0144624269534939,-0.221811901660802,-0.153671164651239,-0.0747506927215958,0.233160981839337,0.401886645622102,0.0320776077764915,"C2_GS_2018_5243"
"132","UG16F213P002",0.00660321823417053,-0.000248874964483945,-0.397263910462502,0.000107242834492048,-0.257595066376753,-0.210035384302872,-0.0549820356069902,0.323487158235027,0.417023931760872,-0.169046936693974,"C2_GS_2018_5262"
"133","UG16F214P006",-0.0150004099157101,0.0176339325659474,-0.390160887732718,-0.000495425918411937,0.363204811050184,0.257536457701219,0.069119867528763,0.093285937877322,-0.00265126627027661,0.550420483079492,"C2_GS_2018_4556"
"134","UG16F215P007",-0.0135378041840128,0.00209922323688265,-0.195972270590562,0.00120274865760753,0.00344768869732103,0.0618492153805631,0.0380176228616166,0.226485564580042,0.485560591123278,-0.0700113850357043,"C2_GS_2018_4577"
"135","UG16F216P006",0.00815575696793475,0.0249138722271065,-1.06720373812862,0.00605615195612165,-0.0116360777495585,-0.119378365708144,-0.035824121467774,0.0655540673203609,0.302679488729315,-0.17559326911644,"C2_GS_2018_4596"
"136","UG16F220P007",0.00226751350086055,0.0091573402036003,0.222289410888716,-0.00950569713642129,0.180999247086028,0.104356536408196,0.0507877502867053,0.182940849495019,-0.000173845823384117,0.150256782188158,"C2_GS_2018_4647"
"137","UG16F221P002",-0.00183576228763398,-0.00290779982134655,-0.0110405761539465,0.0026668768359807,-0.0101298561866898,-0.0057937053112152,0.0101318029650007,-0.152072446297422,-0.0582826980413058,0.330328284154801,"C2_GS_2018_4662"
"138","UG16F225P005",-0.0281755403421981,-0.000498199399132393,1.00196341876115,0.0117541108612856,0.353597932318295,0.388907544575223,0.151381031130291,0.325149689057697,-0.174281176395709,-0.278983761910049,"C2_GS_2018_4715"
"139","UG16F232P002",-0.0268291878922955,0.00484739976653225,0.483550812276032,0.0027977467018594,0.38733983484372,0.360355768984648,0.139759167330675,-0.150399825722876,-0.201863096203044,-0.147988377257627,"C2_GS_2018_4792"
"140","UG16F232P004",0.0168128968383762,-0.0290609799761945,-1.81814287921733,0.0140667639077927,-0.3619182479844,-0.40002115481941,-0.164612024699991,-0.155573128214247,-0.229538345562788,-0.373489810597311,"C2_GS_2018_4794"
"141","UG16F233P005",0.0167825207797906,0.0111318267876963,0.0408152044206304,-0.0192620567731499,0.14293245263441,-0.0367782269370154,-0.0356651089804831,0.325467205461343,-0.210492031397027,0.782391894166815,"C2_GS_2018_4805"
"142","UG16F237P005",-0.0191009182579914,0.0116151050978089,-0.194870239321344,0.00854034891109328,0.343499757289979,0.28788035933276,0.0636281406704242,-0.0826698777595994,-0.206749170259775,-0.337989877575629,"C2_GS_2018_4845"
"143","UG16F240P001",-0.00817752387471964,-0.00928615225926549,0.501279161726774,0.00118854851242063,-0.383606431970986,-0.147977648460903,-5.25246201565227e-05,-0.146924865726555,-0.178889980816083,-0.206938792314209,"C2_GS_2018_4871"
"144","UG16F290P015",-0.0293816156837436,0.0109453889475199,1.55477107888042,0.0149826375936356,-0.158575293139879,0.137832231531821,0.327986158496734,-0.115923748550586,-0.272302573643801,-0.325226017343798,"C2_GS_2018_15"
"145","UG16F290P061",-0.00796460468386101,-0.0185443324264512,-0.490930671356677,-0.0109818334172587,0.146084735807664,0.058473474195248,-0.00838515843765823,-0.106726227261259,-0.260206479103655,0.110689239420293,"C2_GS_2018_521"
"146","UG16F290P093",0.00311985313363953,0.0161664127782311,0.7227560594085,-0.00359221745700701,-0.12713624877126,-0.116591764711341,-0.0502766957127783,-0.117894058472988,-0.115109863591692,-0.0785530248745491,"C2_GS_2018_553"
"147","UG16F290P101",0.00980605553317432,0.00337471658117736,0.305924469922943,0.00132700774821064,0.109369351689306,-0.0305049202220637,-0.0254087520922892,-0.0481941712541039,-0.053299170006907,0.112570899139314,"C2_GS_2018_561"
"148","UG16F290P144",0.0155986510509645,-0.0203180015926381,-0.920923639405638,0.0188057315296771,0.16235481161616,-0.0167158552039206,0.00413110203994515,0.412299222050356,0.261227228313702,0.0431965485198318,"C2_GS_2018_664"
"149","UG16F290P173",-0.00253970907397329,0.00698327964100084,1.45526587027845,-0.00199666949223526,0.107642074850248,0.0621828900442249,0.0171875013949931,0.0443630928681943,-0.0806251430069038,0.241303526696153,"C2_GS_2018_693"
"150","UG16F290P191",-0.0108725190325167,0.0196762880690518,-1.22648304866927,0.0039276782533994,-0.105094645280651,0.0643464722661481,0.041130971183052,-0.0937203362221349,-0.263758039602015,-0.256838644870153,"C2_GS_2018_831"
"151","UG16F290P211",0.0291872787020913,0.000743379130214268,-0.0282260239472704,0.00268073623380924,-0.116211477958421,-0.253297966892489,-0.0967811148544973,-0.149699273067844,-0.287963979321907,-0.179544889109555,"C2_GS_2018_851"
"152","UG16F290P218",0.00108448618908522,0.00316184618200463,-0.735199856944125,0.00838129893896886,0.0760448775847563,0.0762049605902986,0.011484554301627,-0.0329573713684985,-0.162536459348462,-0.127174351538466,"C2_GS_2018_858"
"153","UG16F290P236",-0.00625890536356268,-0.000772600686070195,-0.933083040725523,0.00738341839232814,-0.0960978890763974,-0.0215629726564695,0.0220723789431581,0.0383252624199466,-0.322393487166043,-0.198642268649315,"C2_GS_2018_876"
"154","UG16F290P238",0.00334785532529696,-0.0032246522041215,1.15421528200972,0.000291437554104378,-0.204959523543908,-0.137703575236917,-0.0401291454331823,-0.187133877370939,-0.31360988463911,-0.405508306451506,"C2_GS_2018_878"
"155","UG16F290P284",0.0350154717484988,-0.0252755077379723,-1.53614508637531,0.0124681777492406,-0.237346943571704,-0.390197285206274,-0.133715172246303,-0.186200425395028,-0.24315624690038,-0.315706718917834,"C2_GS_2018_1234"
"156","UG16F290P284",0.0350154717484988,-0.0252755077379723,-1.53614508637531,0.0124681777492406,-0.237346943571704,-0.390197285206274,-0.133715172246303,-0.186200425395028,-0.24315624690038,-0.315706718917834,"C2_GS_2018_5714"
"157","UG16F290P286",0.0206763745188421,0.00693793163102577,0.0628818682111163,-0.00841037782105429,0.329456402265861,0.0277600771838698,-0.037029060105811,-0.179562541512794,-0.142211951743233,0.510676956761548,"C2_GS_2018_1236"
"158","UG16F290P286",0.0206763745188421,0.00693793163102577,0.0628818682111163,-0.00841037782105429,0.329456402265861,0.0277600771838698,-0.037029060105811,-0.179562541512794,-0.142211951743233,0.510676956761548,"C2_GS_2018_5716"
"159","UG16F290P294",-0.00154502839203967,-0.00538475482739137,1.04265859880077,-0.00135334648778555,-0.237161910074565,-0.100331332421286,-0.0428306464322571,0.209217160505761,0.191267136356351,-0.050028025615518,"C2_GS_2018_5724"
"160","UG16F290P294",-0.00154502839203967,-0.00538475482739137,1.04265859880077,-0.00135334648778555,-0.237161910074565,-0.100331332421286,-0.0428306464322571,0.209217160505761,0.191267136356351,-0.050028025615518,"C2_GS_2018_1244"
"161","UG16F290P298",0.0254709058215941,0.000702561108749779,1.12188903979989,0.0233652107990318,-0.155259214379329,-0.360366117858844,-0.136635005913193,-0.159745434620149,-0.268404055765271,0.0803943508458112,"C2_GS_2018_1248"
"162","UG16F290P298",0.0254709058215941,0.000702561108749779,1.12188903979989,0.0233652107990318,-0.155259214379329,-0.360366117858844,-0.136635005913193,-0.159745434620149,-0.268404055765271,0.0803943508458112,"C2_GS_2018_5728"
"163","UG16F291P001",-0.0160827755834721,0.033081371546443,-1.08339926976499,-0.0169067125675209,0.772933723040613,0.487769478802192,0.108882136299972,-0.116909423764738,-0.01184097147977,0.50167720161505,"C2_GS_2018_51"
"164","UG16F291P011",-0.0262494374152618,0.00699285212547638,1.90086085064129,0.0179255018836365,-0.111412295603796,0.117491835994713,0.163985328998468,-0.158656439193309,-0.179697267550321,-0.234947553812383,"C2_GS_2018_61"
"165","UG16F291P014",-0.000654831233519306,0.0107759232192191,-0.189066296425018,-0.00680370885311744,0.359653643634992,0.136892013580823,0.0628361375788928,-0.185744652303149,-0.165784777450625,0.368099815732132,"C2_GS_2018_64"
"166","UG16F291P018",-0.0220486816295337,0.00847271371218615,-0.471352934604504,0.00865334419439274,-0.00280473786905748,0.241031793735152,0.0881123675368372,-0.152013597669075,-0.108246882552257,0.0778852301652085,"C2_GS_2018_68"
"167","UG16F291P058",0.0544395681296845,-0.00142347965239283,0.699533841457086,-0.0313451572040175,-0.505176492900915,-0.600010264104458,-0.232961074964981,-0.221826318734374,-0.305832767751612,0.0245873471947191,"C2_GS_2018_108"
"168","UG16F291P071",-0.053089907383504,0.0141250766999522,1.17984762820892,0.0228047799708318,0.128498298267009,0.485746809736111,0.171484666916264,0.0758142298486027,-0.121111646591314,0.191666475629759,"C2_GS_2018_411"
"169","UG16F291P132",0.00685523800026744,0.00385929310164339,-1.18051604774931,0.00697830549959803,-0.0841545296542828,-0.0197518158603057,-0.0131795221627111,-0.182950932553872,-0.291300285489917,-0.043349587908364,"C2_GS_2018_472"
"170","UG16F291P139",0.00701296467741216,0.0155922583402798,-0.486078036064827,-0.00373997024936751,-0.447179654881092,-0.316884647646746,0.00298149048221023,0.0127769894731731,-0.0014542023886529,-0.097478732717067,"C2_GS_2018_479"
"171","UG16F291P143",0.0274329727888337,0.00935899063318625,-0.451771925824547,-0.00279184258674329,-0.11629919720722,-0.220019948090182,-0.0888237821136784,-0.238976962273977,-0.430604524479314,0.101733566145265,"C2_GS_2018_483"
"172","UG16F291P187",0.017511906518755,0.0181741429583274,-0.560253067576907,0.00154640995520106,0.0675889437153064,-0.0453784847906736,-0.0105978565904675,-0.146123860448056,-0.20627192012782,0.376287320973189,"C2_GS_2018_917"
"173","UG16F291P216",-0.011266881966523,-0.00726913066818352,-0.177119018596415,0.00244119787491393,-0.0413997863877041,0.105376088125649,0.0752954128088597,-0.116192591258842,-0.272966815720865,-0.365033836196424,"C2_GS_2018_946"
"174","UG16F291P222",-0.0234025087407182,0.00480439865759997,0.127045548880691,-0.00281712145058133,0.172965249098313,0.312004584422548,0.0919172764856157,-0.182301168490971,-0.331748462275509,0.413660173551692,"C2_GS_2018_952"
"175","UG16F291P234",-0.0168424295109515,-0.0212816049953957,-1.58667890874097,0.0119030545210564,-0.153111175434734,0.0804495939821893,-0.0518347198281814,-0.183329239364645,-0.445062697073529,0.149493244340967,"C2_GS_2018_964"
"176","UG16F292P003",0.0154673787965247,-0.00230971150944113,-0.861974458786841,0.0114670424259038,0.129147569547469,-0.121918286719848,-0.00402564383574949,0.237180486923481,0.497527751555103,0.0118418179306144,"C2_GS_2018_123"
"177","UG16F292P023",0.00736924123916092,0.0105572498980475,-0.127303242892832,-0.0257932148229784,0.0574257732420233,-0.0484689562062203,-0.0360052359493902,-0.146153873237856,-0.20631632535287,-0.362714537159914,"C2_GS_2018_143"
"178","UG16F292P045",-0.0168845082867266,0.00229814922139168,0.311443546926741,0.00303443839190876,0.137062911290182,0.190908104703503,0.102219594535689,0.0260052048496317,0.145747380058392,-0.163834739027443,"C2_GS_2018_165"
"179","UG16F292P050",0.00180113902075583,0.00141126605683287,-0.665413042869232,0.00311365736597701,0.350529335841928,0.172248996623435,0.0123870914031559,0.0795739834392101,-0.0849693650876254,0.0335966989151549,"C2_GS_2018_170"
"180","UG16F292P072",-0.00830636968994062,-0.00245882049194758,-1.10314724170394,-0.00420043686137722,0.000206995489014613,0.0455378052631575,-0.0345997201488815,-0.134649919487142,-0.0574985683687165,0.239520295441228,"C2_GS_2018_972"
"181","UG16F292P073",0.0199587524830181,0.00652925453272789,0.791324788253923,-0.00210628276102957,0.0613537982985874,-0.0737967976553336,-0.0366600350162536,-0.0603236579098321,-0.343234052650302,-0.446476741712871,"C2_GS_2018_973"
"182","UG16F292P078",-0.00160498558884734,-0.0023228185785549,0.8492709168291,0.000219808267566645,0.273544474652448,0.115090000196314,0.0423078956467812,-0.200374319534855,-0.0674226694867438,-0.212411161732343,"C2_GS_2018_978"
"183","UG16F292P083",0.00934735672469343,0.0189693922420059,-2.23691068614581,-0.025631886278652,0.394882090020753,0.19322324624468,0.0158877750091237,0.219804646947832,0.180696455205717,-0.167951469179079,"C2_GS_2018_983"
"184","UG16F292P091",0.0185443635348853,-0.00978376705148485,-0.735717614646811,0.015496098314064,-0.537442074570568,-0.435858868649516,-0.145053559853464,-0.11209104338632,-0.273271146486262,-0.389580784225154,"C2_GS_2018_991"
"185","UG16F292P117",-0.0282254157410479,0.0151756616279286,-1.53305405666567,0.0105853697719631,0.223640660856029,0.312686557503535,0.199680374491958,-0.151164735335285,-0.00943821427305335,-0.35816957644722,"C2_GS_2018_1017"
"186","UG16F292P179",0.00860384354147797,-0.00648996856898137,0.528745749475325,0.00446952164259094,-0.565971017224291,-0.473650731056877,-0.196284325463908,-0.198829569812889,-0.254643167420951,-0.21707464852859,"C2_GS_2018_1489"
"187","UG16F292P208",0.0191408903717743,0.00110951530204901,1.02038024459251,0.00462101845787477,-0.201236021887948,-0.222217066719484,-0.0453220047043448,-0.175312014274328,-0.282876741525402,-0.450401837079324,"C2_GS_2018_1518"
"188","UG16F292P230",-0.00911729448917177,0.0239594945299989,0.259676114631507,0.0029908017602133,0.37833779412971,0.207159575208549,0.057164789457242,-0.162668296125258,-0.0381484905369706,-0.325020235978655,"C2_GS_2018_1540"
"189","UG16F292P243",0.0127077615340368,-0.010887317203578,0.169646700237604,-0.0145679804884778,-0.50542296797476,-0.425991211940466,-0.131188228845447,-0.190813760361479,-0.289156646453293,-0.0223035913916601,"C2_GS_2018_1693"
"190","UG16F292P252",0.00489313355025213,0.00502536682137783,-1.08620103157082,-0.013651709573882,0.108055226827469,-0.00038008971826366,-0.0245529068349212,-0.193964400907184,-0.157237334441629,0.0639146913704222,"C2_GS_2018_1702"
"191","UG16F292P301",0.0515190022564617,-0.0251028840031288,0.77376881167596,-0.0218965812521532,-0.493159382491426,-0.590229579714985,-0.31286802477599,0.697349155618465,0.581531345251216,-0.273103778815733,"C2_GS_2018_1751"
"192","UG16F292P314",0.00774785783559136,-0.0257908380602716,0.356451302943871,-0.0118847401579809,0.0288997248558979,-0.105060855970934,-0.144501173765187,-0.147240375057698,-0.0870395138283789,-0.206519896009072,"C2_GS_2018_1764"
"193","UG16F293P013",-2.80533181336733e-05,-0.00372164444058708,-0.170877560064423,0.002303255181966,-0.348908973026508,-0.159750332403985,-0.0305647116214785,-0.174296836133164,-0.176105094433446,-0.266710389289754,"C2_GS_2018_193"
"194","UG16F293P049",-0.0212449195162265,0.00284557233593232,-0.316754508749524,-0.00644866731187001,-0.0429760508848301,0.326027980422232,0.119747161419693,0.609864217915255,-0.21952205781481,0.164818766529601,"C2_GS_2018_229"
"195","UG16F293P067",0.0386612032490363,-0.0164917408039032,1.44351663858514,0.00463903706402431,-0.216358755941262,-0.3267715880556,-0.147149938318543,0.00498007956607733,0.18645446919843,-0.11646476631801,"C2_GS_2018_247"
"196","UG16F293P081",-0.0173003989408213,0.00243399195900066,0.713139675307624,0.00611053838001279,-0.0858135690522683,0.147473782807421,0.0906569956645405,-0.165731004492794,0.191000708116019,-0.277765435351451,"C2_GS_2018_1071"
"197","UG16F293P092",0.0174000793740874,-0.0111402975078929,0.215755863890251,-0.0083437649083306,-0.0871497677066191,-0.227072900656903,-0.0979267866787677,0.186368945893073,-0.0712193322195531,0.0127138518645497,"C2_GS_2018_1082"
"198","UG16F293P102",-0.0290526901044003,0.00125701791121074,-0.986475229318075,0.00604344260848402,0.404168227259502,0.316129563385073,0.100813053123949,0.281329112220862,0.117011584672723,0.134518149818928,"C2_GS_2018_1092"
"199","UG16F293P137",-0.0191085220258611,-0.0130171892897386,0.0337060730628045,0.0123054566690828,-0.0655386246199136,0.183823816910046,0.0919527055879657,0.0311993750726142,0.0225520359663296,-0.178518830264635,"C2_GS_2018_1267"
"200","UG16F293P145",-0.0243200012701095,-0.00270495335799828,0.352089379993522,0.00441956331785411,-0.247722616126186,0.0607850827184602,0.0632870120766016,0.012770624976821,0.163964464675839,-0.170468299012472,"C2_GS_2018_1275"
"201","UG16F293P163",-0.0280210023081326,-0.0177678931605088,-1.50761552319228,0.0141823519152702,0.0432060313200257,0.321926731456224,0.00023237441471858,0.176933625903594,0.224177288115261,0.348262632812913,"C2_GS_2018_1293"
"202","UG16F293P183",0.0358182419598184,0.00103270169988983,-0.571078398642439,0.00522742842669472,-0.715925134879972,-0.625291277418397,-0.196205862967465,-0.0361840246974504,0.0517802660879252,-0.319067418020818,"C2_GS_2018_1583"
"203","UG16F293P191",0.057738237270657,-0.0255690481574619,-0.881099906349204,-0.0273226934038415,-0.479601423548777,-0.63039545218549,-0.218116852346249,0.0944223079709274,-0.101084721330737,-0.280505398769627,"C2_GS_2018_1591"
"204","UG16F293P197",-0.0170058683106681,0.00954701327634727,0.417729539054463,0.00258020063932432,-0.190026633495086,-0.0486314399477395,0.124401362277572,-0.0944572427338606,-0.308676800648192,-0.496486640791608,"C2_GS_2018_1597"
"205","UG16F293P201",0.0107223671578008,-0.003615412508832,-0.140431554227075,-0.0115991813595934,-0.0939194590151467,-0.186485879763555,-0.0531405605766776,0.0588177286435283,0.383842033693611,0.0284761857439759,"C2_GS_2018_1601"
"206","UG16F294P003",0.0380060380958422,-0.0266717484031429,-1.75098130125288,0.022702035641523,-0.337164761398554,-0.475402177148184,-0.176761412879091,0.375772499223033,0.396588117666817,-0.384106516583648,"C2_GS_2018_253"
"207","UG16F294P016",0.0213231169865589,-0.0062606204047409,-0.657659547817247,-0.0187642152043392,0.27750435574843,-0.0459934032838117,-0.0540864198620403,0.228353511653853,-0.323577294985986,0.0967924539352398,"C2_GS_2018_266"
"208","UG16F294P028",0.00310534656808829,0.00316150252968757,0.36015797643295,-0.00631822487985938,0.219641142019432,0.143504554316043,-0.0256047267092108,-0.132299239843078,-0.198870652673357,0.748808854122891,"C2_GS_2018_278"
"209","UG16F294P036",-0.00285024571444446,-0.00930410804906776,-0.274753518499957,0.00639061336396971,-0.00343883337601352,-0.015707376535064,-0.014860953275018,-0.111810971138588,0.146363694862306,-0.111286449960609,"C2_GS_2018_286"
"210","UG16F294P042",0.00453248301845518,-0.0141629031832498,-1.62608562039268,-0.00744413734080172,-0.0405967688856898,-0.0804535797254732,0.00295427538278679,-0.256310635050724,-0.199127626035595,0.111445214894163,"C2_GS_2018_572"
"211","UG16F294P054",-0.0188160142294585,-0.0155196456823294,0.160944610918613,0.0169470584268187,0.118307372560635,0.214810397026947,0.0743986880367684,-0.129845922273116,-0.0826126319693213,0.23877588838558,"C2_GS_2018_584"
"212","UG16F294P081",-0.00743518705631622,0.0170080946337686,1.17364622474271,-0.00208282542122774,0.203910674223569,0.164943349369415,0.0540052242630552,-0.0621165364535527,0.264072386517525,-0.229754223263064,"C2_GS_2018_1121"
"213","UG16F294P081",-0.00743518705631622,0.0170080946337686,1.17364622474271,-0.00208282542122774,0.203910674223569,0.164943349369415,0.0540052242630552,-0.0621165364535527,0.264072386517525,-0.229754223263064,"C2_GS_2018_6181"
"214","UG16F294P083",0.00281435478609866,0.00567305252461892,-0.863678240282634,-0.0212478154367577,0.118817217648459,0.026135339478073,-0.0541861652800951,-0.136071727829375,-0.0895968468100705,0.204199893742174,"C2_GS_2018_6183"
"215","UG16F294P083",0.00281435478609866,0.00567305252461892,-0.863678240282634,-0.0212478154367577,0.118817217648459,0.026135339478073,-0.0541861652800951,-0.136071727829375,-0.0895968468100705,0.204199893742174,"C2_GS_2018_1123"
"216","UG16F294P086",-0.0410549481933893,0.0908852160369043,0.83040671109825,-0.0417048276424248,0.87915444215663,0.73033870735943,0.242545457893401,-0.201215434723257,-0.332939669267519,0.558327696823062,"C2_GS_2018_1126"
"217","UG16F294P086",-0.0410549481933893,0.0908852160369043,0.83040671109825,-0.0417048276424248,0.87915444215663,0.73033870735943,0.242545457893401,-0.201215434723257,-0.332939669267519,0.558327696823062,"C2_GS_2018_6186"
"218","UG16F294P095",0.030203302332675,0.0107041183646181,-0.145012510121891,-0.00105248751316266,-0.672376156728672,-0.555101097222582,-0.113455991454446,-0.0157684215455899,0.215830534654912,-0.328580335846212,"C2_GS_2018_1135"
"219","UG16F294P095",0.030203302332675,0.0107041183646181,-0.145012510121891,-0.00105248751316266,-0.672376156728672,-0.555101097222582,-0.113455991454446,-0.0157684215455899,0.215830534654912,-0.328580335846212,"C2_GS_2018_6195"
"220","UG16F294P109",-0.000166623422123595,0.00207304371755959,-0.0593770565506632,0.0133164015332664,0.21615785648897,0.0394121520913188,0.0459608049402931,0.0196020307614193,0.274585648064405,0.0791444657532233,"C2_GS_2018_6209"
"221","UG16F294P109",-0.000166623422123595,0.00207304371755959,-0.0593770565506632,0.0133164015332664,0.21615785648897,0.0394121520913188,0.0459608049402931,0.0196020307614193,0.274585648064405,0.0791444657532233,"C2_GS_2018_1149"
"222","UG16F295P041",-0.0136202989511705,0.011791008939858,-0.0942149399859283,0.0042735857333156,0.551655030007969,0.42104252252416,0.0899151989083642,0.168297341378628,0.299424709055942,0.164298583957957,"C2_GS_2018_1551"
"223","UG16F295P047",-0.00737347192773744,-0.0203349506265175,-0.665908934768867,0.0126741097580885,0.0367796333916527,0.0470658509720714,0.0858929193428891,-0.0105746932590759,-0.132469323541792,-0.377902714512093,"C2_GS_2018_1557"
"224","UG16F295P056",-0.00369856229599574,-0.0182954114615034,-0.429229103746735,0.0139073358546285,-0.339846582134234,-0.136835129831445,-0.170701730607512,-0.0881996259460185,-0.0608596368791333,-0.211778372166481,"C2_GS_2018_1566"
"225","UG16F295P063",0.0118045528390274,-0.0466790295124719,1.21488916873669,0.0190651369766512,-0.0519623793066651,-0.0723335787188348,-0.0934435086824965,-0.0193995322977008,-0.0480628603371997,-0.454251195770273,"C2_GS_2018_1573"
"226","UG16F296P008",0.0161290872827825,-0.00509985394785597,1.97934595333985,-0.0395221144939264,0.30098207910173,0.144949459560228,-0.0700523224376066,-0.0287051882787751,-0.117903747844739,0.594246673976331,"C2_GS_2018_318"
"227","UG16F296P022",0.0416082348598861,-0.0061576013706236,-0.00701887596243058,0.000447445400923969,-0.36244604303628,-0.464589825482629,-0.165800061593102,-0.0307941243822586,0.0596837610524244,-0.205190626278748,"C2_GS_2018_1202"
"228","UG16F296P025",0.0510227460697444,-0.00559629587611563,-0.408911983768721,-0.00287955773508597,0.154067910640556,-0.16818250001367,-0.160998534450015,0.240051521853775,0.105285241063188,-0.0353580237224321,"C2_GS_2018_1205"
"229","UG16F296P028",0.0223643812194173,0.00287506416086514,0.277237538077294,-0.0107494209076234,-0.41157479186467,-0.289105245068201,-0.101190916140819,0.0684312083754909,0.0970975178679453,-0.292680371931132,"C2_GS_2018_1208"
"230","UG16F296P211",0.058756614457579,-0.0226242442882244,-1.79732270009246,0.00547222512686318,-0.262643772053208,-0.495402728438577,-0.234774211188049,-0.0313262073711775,0.170189723287264,-0.0767781910972793,"C2_GS_2018_1201"
"231","UG16F297P004",-0.0240127303722483,-0.0130943256391322,-0.444252752209287,0.00295900698073887,0.255897912500251,0.322359153609864,0.0669844064934812,-0.113554836527077,-0.247261027051258,0.306562401871546,"C2_GS_2018_324"
"232","UG16F300P009",-0.0324651597611239,-0.0135342986428539,-2.74194710198838,0.0154746475737255,-0.222872653632413,0.129807276239306,0.0806596292178517,-0.233941150444046,-0.299250937556488,0.173886337972036,"C2_GS_2018_359"
"233","UG16F300P026",-0.0302776213132349,0.0188318765656327,-0.332111400286286,-0.00776204343445876,0.530558419362925,0.48464136675089,0.162235806933657,-0.19247437703399,-0.188280868177684,0.478769976224569,"C2_GS_2018_616"
"234","UG16F300P036",0.0208657547390332,-0.0147997866448771,-0.37574269226708,-0.0140226099567836,-0.201382164548852,-0.260718994589956,-0.136087155928419,0.387523815419519,0.410975620476151,0.163785654147496,"C2_GS_2018_626"
"235","UG16F300P042",0.0076082736629572,0.0218809003174465,0.595478114589559,-0.0128214867785032,0.488518246000299,0.24841111830245,0.0940173757474357,0.0161006154531267,0.174726216625028,0.573449925631745,"C2_GS_2018_2282"
"236","UG16F300P043",-0.0170140916596946,0.00661607451525612,-0.29191016536277,-0.00265981727347531,0.244199985936811,0.182918217743773,0.0860356618719207,-0.0918175482778553,0.0113640223962571,0.297247752368028,"C2_GS_2018_2283"
"237","UG16F300P047",-0.03409175255785,0.0196837661596499,0.975732686701655,0.00206324941776274,0.390384141515269,0.540253888014889,0.175878757811082,-0.172678830157927,0.350615771865961,0.193560859959919,"C2_GS_2018_2287"
"238","UG16F300P053",0.0266165556881164,-0.0131429081637383,-0.437394772806225,-0.000792260383150521,0.199394231434889,-0.0366304162821334,-0.0215556788733099,-0.0593320554413922,0.0901676513718576,0.377685529443599,"C2_GS_2018_2293"
"239","UG16F300P056",0.0206841660220498,0.0136336472242807,-0.299306604232384,-0.016626429663658,0.378287867225986,0.0071192798398098,-0.0070168632151433,0.320632142897838,0.394941154535694,0.614619553962051,"C2_GS_2018_2296"
"240","UG16F300P062",-0.00822680779157541,0.0319101967356428,-0.631473153419387,-0.0170858280761739,0.176805477278306,0.154433967745495,0.0568637310483657,0.127520965740634,0.175368414881714,0.372750636882199,"C2_GS_2018_2302"
"241","UG16F300P066",4.74851808080167e-05,-0.00142580387038033,0.0970088655157706,0.0120147748357156,-0.0754059498695834,-0.0221674141246875,-0.0231373500788597,-0.179583737594292,-0.198079872490136,-0.0429624766766728,"C2_GS_2018_2306"
"242","UG16F301P009",0.0177459719172952,-0.0140371683890836,-0.700716401544849,0.0235012800490859,-0.112549775505491,-0.176150647342478,0.00672289503995862,0.0654046362549519,0.0536848001945053,-0.224309689230147,"C2_GS_2018_379"
"243","UG16F301P011",0.0109100408992127,-0.0145123110226079,-0.668149021679907,0.0102701993542999,-0.360158907336733,-0.232394930882585,-0.114393020012624,-0.145945663503594,-0.109457740857476,0.737303146324149,"C2_GS_2018_2121"
"244","UG16F301P012",0.01935018016094,0.0151935644318503,0.161245948810991,-0.0126563857281077,0.138200801244881,-0.0826790695305901,-0.0313501172437682,0.185568058127845,0.451564378661022,0.000352190853814071,"C2_GS_2018_2122"
"245","UG16F301P023",-0.0430798551552754,0.013701426367982,0.743024613718964,0.000136623811146399,-0.204859421512423,0.26616852581832,0.198177351818618,-0.068979169598719,-0.0787117625775873,-0.286820226164797,"C2_GS_2018_2133"
"246","UG16F302P002",0.00803064154423549,-0.0159262915786116,2.39731556176802,0.0137879782914708,0.279427044348989,0.0468977614486139,0.00606583452964883,-0.277641346707609,-0.35791843659177,-0.356483497849227,"C2_GS_2018_382"
"247","UG16F302P004",0.0497249233723543,-0.0164642626188545,-1.37016471479906,-0.00630293393584702,-0.479414920666395,-0.541384890781383,-0.272361290994653,0.511530892800488,0.593738594307277,-0.344718923433208,"C2_GS_2018_384"
"248","UG16F302P021",-0.0052048934371082,-0.00575104311451497,0.799657064752824,0.00415140424489474,-0.233961011611683,-0.0516282529828108,-0.0188520042094481,-0.156207381559814,-0.174288811329235,-0.137089241814547,"C2_GS_2018_401"
"249","UG16F302P029",-0.0168975986891705,0.0191818574922075,-0.191164650429799,-0.0036925654038314,0.171986998080913,0.165510293033997,0.103963221004802,-0.152911477490557,-0.191649558299399,0.290043730871137,"C2_GS_2018_409"
"250","UG16F304P001",0.00660037920764301,-0.000621170331285481,1.01415079850896,0.0104457038306966,0.0385617817182094,-0.0516538842877439,-0.00465911890639008,0.0679355198332746,0.232454077200564,0.218347762483386,"C2_GS_2018_731"
"251","UG16F304P005",-0.0384402755124642,0.0168895802778217,0.626670108327437,0.0062031623270255,0.281743314155372,0.467383948370685,0.195437512561035,0.12602547080619,0.482001191588239,0.583410161881203,"C2_GS_2018_735"
"252","UG16F304P012",-0.0200702914259513,0.00982520021381913,0.0174412623124699,-0.00445128673081287,0.211503239227351,0.253086726742663,0.0899781427934823,0.0264103809487925,-0.0834773292607195,0.713931188085592,"C2_GS_2018_742"
"253","UG16F304P019",-0.0133530094184348,0.064883576965925,-0.780309532081175,-0.0439842223784229,1.08565925391619,0.654862105956269,0.182504115663362,0.24514992614399,0.180893020429458,0.807069275550938,"C2_GS_2018_749"
"254","UG16F304P025",-0.00288471072085643,0.00631005841717044,0.0117737261468103,-0.00390846569653731,0.273082948018573,0.133267258190801,0.032917688325602,0.237531329956521,0.306098161390106,0.303785199897507,"C2_GS_2018_755"
"255","UG16F304P032",-0.0178529177243554,0.0116126934023949,-0.109128404508333,0.00117825296602326,0.091403270683507,0.210958786916289,0.0687249744702935,0.0196172358355788,0.205725298145393,-0.0990221219311491,"C2_GS_2018_1822"
"256","UG16F304P037",-0.0320482489408442,0.0417545242023048,-0.797238274943368,-0.0248759804527203,0.691776185912684,0.601741556564498,0.180300419091854,0.211264980598142,0.00127770158074904,0.592638196789434,"C2_GS_2018_1827"
"257","UG16F304P042",-0.0203091728408311,-0.00469735007338285,-0.0477500365377039,0.0167119523442092,-0.000417183892050827,0.107579830678051,0.0444778006356133,0.382081789652147,0.391434722848313,0.66765246961669,"C2_GS_2018_1832"
"258","UG16F304P052",0.00938091928186379,0.0340084098664987,-2.6938618544126,-0.00852810307573115,0.325628280585623,0.138266806436008,0.0193819718873388,0.317410886231784,0.30254977061048,0.263411541183255,"C2_GS_2018_1842"
"259","UG16F304P061",0.00175252436133631,0.0108818939736592,-1.2580952607383,-0.00387615045148797,0.205700848008606,0.0926088771845444,0.00319263924120098,0.0738528530505958,0.0149018313786103,0.28777303682181,"C2_GS_2018_1851"
"260","UG16F304P092",0.00469501725452622,-0.0105401591083846,-0.919301576268734,-0.0117159593676038,0.178858661544832,0.0633159781665358,-0.0376433162020706,0.603471986490894,0.596239082468601,0.189952173720954,"C2_GS_2018_1882"
"261","UG16F304P145",-0.00309353415549009,0.0289958734534682,-0.212968162566164,-0.0536476857659707,0.348641212397658,0.111910113368025,-0.0394958600671048,0.534679098078491,0.474982499710695,0.338576658811755,"C2_GS_2018_2025"
"262","UG16F304P171",-0.0229791667975225,0.0112339144712295,-0.0654939088221759,-0.013739013230556,0.229058733373536,0.260862396004129,0.0627025316528916,-0.0297890937532252,0.271033424849818,0.053673829944327,"C2_GS_2018_2051"
"263","UG16F304P177",-0.0176190644797147,0.0429169573598289,0.545874682110936,-0.000105322949495945,1.01017327283831,0.597727559023718,0.204530794471412,0.234688815424712,0.157246289095511,0.588012176499898,"C2_GS_2018_2057"
"264","UG16F304P180",0.00481770425008036,0.00398177771708138,0.125110341511358,-0.00224124168208072,-0.0155744112080879,-0.0736480534382123,-0.0366223442703559,0.431029364023745,0.565001965880818,0.270850494040144,"C2_GS_2018_2060"
"265","UG16F304P181",0.0114105598994672,-0.0198521395053803,1.39573874593256,0.00905261845198198,0.0501043571246271,-0.125018255050705,-0.0398679373918063,0.290738636384916,0.35971802678796,0.173776292120337,"C2_GS_2018_2061"
"266","UG16F304P184",0.0206907118038953,-0.0174570350814463,0.086635986032011,0.0420478492225702,-0.379942887930681,-0.34845181210383,-0.0268943319305621,0.53060515273716,0.575464240970584,-0.380949623975726,"C2_GS_2018_2064"
"267","UG16F305P003",-0.040179103492981,0.0258858905612511,-1.18666806201968,0.025318274775884,-0.200299702773142,0.134836177846238,0.254932798873707,-0.215907895615413,-0.0750144959069625,-0.417531013853425,"C2_GS_2018_763"
"268","UG16F305P017",-0.00307066173400469,0.0308975208819931,-1.17253912305388,-0.021147317676916,0.706927568934747,0.304769222646482,0.0505321333455106,-0.0195697049568227,0.0448024615944995,0.777831860676292,"C2_GS_2018_777"
"269","UG16F305P024",-0.0132390302886678,0.0237559587431183,0.341173322901006,-0.00615390187918268,0.443889155570382,0.292622244091932,0.102028513640925,0.27158728742118,0.528477837996976,0.656953565947646,"C2_GS_2018_784"
"270","UG16F306P001",-0.0317717580689855,0.0155118689174321,0.00923106635597555,-0.0170110492571261,0.117623162630136,0.223848360882212,0.0964317898360932,-0.169143007857939,0.00828809038058419,0.512858021636644,"C2_GS_2018_791"
"271","UG16F307P021",-0.00657773039781658,-0.0123160929043394,-0.63623597215496,-0.00376255012819312,-0.198712814246822,-0.0887049662140712,-0.086670655340135,-0.235399357063932,-0.336609757668481,-0.295559111954143,"C2_GS_2018_1611"
"272","UG16F307P024",-0.0239984123172009,0.0077875678896013,-1.16367230846074,0.000549672141427339,-0.0737309232038863,0.159035187044955,0.0882878919582228,-0.117502823630718,-0.0895220577256811,-0.327257314438846,"C2_GS_2018_1614"
"273","UG16F307P026",-0.0205825021878035,0.00494848491758548,0.365622980000038,0.00923228606080102,-0.164510514679877,0.0599534482194846,0.0862311337072984,0.177640625487523,0.0408943565465561,-0.17663645635823,"C2_GS_2018_1616"
"274","UG16F308P004",-0.0119780104941852,0.00350497174753252,0.475450714756147,0.0147703338371997,-0.252081347069392,-0.136750631246242,-0.00161962333413486,0.37933685882024,0.309556377553262,-0.0640637819753353,"C2_GS_2018_1164"
"275","UG16F308P021",0.0307590419018031,-0.000237574259439391,0.0567077994487365,-0.0188198535214408,0.116626671462461,-0.158702072325472,-0.101078439519377,-0.15083230629631,-0.198204852917709,-0.185576427497069,"C2_GS_2018_1181"
"276","UG16F308P038",0.00249090874482345,-0.00261210563209038,0.772515276621103,0.00882860098898313,-0.0434840465916785,-0.059576268363475,-0.0151825536544388,0.15676945606357,0.282189059977109,-0.295505420259315,"C2_GS_2018_1338"
"277","UG16F308P041",-0.0100499538240203,0.00415881077036999,0.899101105005291,-0.0125505544336961,0.208990981668372,0.35508602100561,0.131132032062325,-0.126871386544175,0.0434348859665095,0.522348647984031,"C2_GS_2018_1341"
"278","UG16F308P055",0.00429821655655319,0.0221367649420658,-1.50163426106185,-0.0274672339762769,0.198194753649011,0.0795765203725211,-0.0300855155169818,0.0276980323667627,0.0147661639683357,0.13779241388969,"C2_GS_2018_1355"
"279","UG16F308P059",-0.00173476921344789,0.00527558416839682,-0.330574099014574,-0.0128327773590055,-0.373789283913601,-0.0941299905958061,-0.036272128697018,-0.186750614917916,-0.329119014031185,-0.0702406167279031,"C2_GS_2018_1359"
"280","UG16F308P079",0.0185205101798748,-0.0169847362737108,-0.950649138314019,-0.00558895662666664,-0.136212508489394,-0.166680665554084,-0.0498730508385812,0.125727892618254,-0.195046017802021,-0.298955225448744,"C2_GS_2018_1379"
"281","UG16F308P091",-0.007824342467181,-0.00510736933594706,-0.181642897322652,0.00598163597491408,-0.126029861966764,-0.0486614773674192,-0.0116146935542596,-0.0168435316581642,0.0558885061319493,-0.313789297477081,"C2_GS_2018_1391"
"282","UG16F308P107",0.042435475132361,-0.000233482735531775,-0.36694841823783,-0.00671068049912666,0.234660665388788,-0.143191742632904,-0.0992976908661365,-0.105601036712585,-0.0440225043367344,0.390916798757607,"C2_GS_2018_1407"
"283","UG16F309P003",0.0267167243028303,0.00976296064978704,-0.795001927153957,0.012935510538556,0.414532930488831,0.0394416144470478,-0.0333879514907679,-0.0290977927335226,-0.291121075841291,-0.00727934042749901,"C2_GS_2018_1193"
"284","UG16F310P003",-0.00282145004210337,0.00295549388921412,-0.69261694996412,0.00419997860058502,0.0107420455691841,0.00170552614606304,0.00980425929473398,-0.16900538337403,-0.331779369807429,0.162957038715959,"C2_GS_2018_1213"
"285","UG16F310P004",0.0558570982005209,-0.049535863789191,0.879520705767612,0.0390525073386628,-0.233436913654948,-0.449670483131215,-0.184485700602903,-0.277487580740925,-0.357755836654298,-0.412212317636308,"C2_GS_2018_1214"
"286","UG16F310P009",0.0347288595827787,-0.0416962516786068,-0.110763436769365,0.0208162579942678,-0.144138406760002,-0.297497727137767,-0.170184153431653,0.115559042721553,0.14049429350612,-0.2674039178503,"C2_GS_2018_1219"
"287","UG16F311P003",-0.00812748537015264,0.0168685312961218,-1.16576645022608,-0.0230694411876414,0.762920398979057,0.350490678055872,0.105891088724673,0.317680318471126,0.412552741336889,0.620130070970332,"C2_GS_2018_1313"
"288","UG16F311P013",-0.0107508525396514,0.00244883132258771,-0.798868882241967,0.00567588459748055,-0.125805846860572,0.0194146497721631,0.0777960749297065,0.437158432228239,0.454148963105154,-0.187194514063324,"C2_GS_2018_1323"
"289","UG16F311P015",0.0117515851887603,-0.0175278954575238,-0.864593195558158,-0.0044406262269194,0.201152847649361,0.074386382512256,-0.058007483887314,0.0705669913353491,0.0398038825913183,0.0903165677425625,"C2_GS_2018_1325"
"290","UG16F312P002",0.000151319173041929,-0.00218692809203872,0.0675468311209049,-0.0041482404646294,-0.0826903534945063,-0.033679503701312,-0.0133702896915737,0.0538362781432897,-0.226721671800252,-0.00675619613081218,"C2_GS_2018_1412"
"291","UG16F312P006",0.02069115311354,-0.0162425189173847,0.353826303015393,0.0155905581297929,-0.127045198623807,-0.187699323209849,-0.120304273338519,-0.273307514814555,-0.0755412160835619,-0.35091493983469,"C2_GS_2018_1416"
"292","UG16F312P011",0.0245717020149778,-0.0149180327901204,-0.43906510581238,-0.00519626978435606,-0.00500781643133284,-0.149882864252301,-0.153470470090096,0.270878841862952,0.321724156754964,-0.171566353322221,"C2_GS_2018_1421"
"293","UG16F312P023",0.0320506739528446,-0.0397227923672084,0.864018341562273,0.000523665872272189,-0.16994647469574,-0.294384136525233,-0.217124367046276,0.0897709729729638,0.363445571686891,-0.237592394962271,"C2_GS_2018_1633"
"294","UG16F312P024",-0.00937460140645707,0.0315856849650951,-0.988969176238923,-0.0190116555234878,0.594797544925158,0.394531130920759,0.0590572253968192,0.032749399542054,0.35768852343755,0.56813883002234,"C2_GS_2018_1634"
"295","UG16F312P026",-0.0203458222619962,0.00545292619939913,0.0670988834723356,0.00253414990482671,0.392943130714599,0.295380331359166,0.0727491931046653,0.39566423899682,-0.121488513547593,-0.145785081964279,"C2_GS_2018_1636"
"296","UG16F312P028",-0.0128608780803242,-0.0224222170234217,-0.214947546766933,0.0241534890508951,0.137106061648544,0.076039485903199,0.00338416637387147,0.176113347882161,0.474188648715407,-0.0375975350656417,"C2_GS_2018_1638"
"297","UG16F312P031",0.0061639622676813,0.0323168843567451,0.183523979722057,-0.024034055265396,0.775655147636392,0.348197129567073,0.0471342730694666,-0.0355831856237228,-0.0221374266307018,0.57898941005257,"C2_GS_2018_1641"
"298","UG16F313P004",0.0342586514499982,-0.00362987790532551,0.556496818281684,0.00788763207165071,-0.5754098355157,-0.492301560339622,-0.168224856007057,-0.132093704750206,-0.198550030841146,-0.308966152045818,"C2_GS_2018_1434"
"299","UG16F313P005",0.00904526643325821,-0.0118228612321156,1.0219516760191,0.0150687221481616,0.158170080710627,-0.0172732266508109,0.0114350060707806,0.0945900783241707,0.171478564449505,0.203610135664897,"C2_GS_2018_1435"
"300","UG16F313P006",-0.0124250097797887,-0.0056831106535856,-0.789820214978106,0.0067066632783169,-0.122923795816736,-0.00299622035423505,0.0346245660364421,-0.163389527598387,-0.0783506872087324,-0.0828791953169441,"C2_GS_2018_1436"
"301","UG16F313P011",-0.00810859847007087,0.00266157144289044,-0.47063720106073,-3.43996722196361e-05,0.0278039972436403,0.0573518318735916,0.0383039406728506,0.0602659747314147,0.0574300176552151,-0.234902926774145,"C2_GS_2018_1441"
"302","UG16F313P013",-0.0103146170177178,0.00998315805809893,-0.796893784311064,-0.0107606988460887,0.278200364075413,0.172349843902669,0.100785644968402,-0.105789855094185,0.0846636826258859,0.37055969385902,"C2_GS_2018_1443"
"303","UG16F313P024",0.0080716747528432,0.0226174365597445,-0.177605597459513,-0.035288214644004,0.157610898698701,-0.0582336117429732,-0.0995018945362791,0.00709361577168646,-0.0355077739925726,0.110348440737454,"C2_GS_2018_1454"
"304","UG16F313P033",-0.0228104062190392,-0.010903115387703,1.35633994467359,0.000501097169844406,-0.150581425586835,-0.00999995337117244,0.0567812636936434,-0.206806592572997,-0.207507389835634,-0.0465870879846312,"C2_GS_2018_1653"
"305","UG16F313P034",0.0593299236413968,-0.0210926549027315,-2.6933120212082,0.0279040252099444,0.0943637614482987,-0.244056794158244,-0.0587013233745165,0.0448136801560771,0.110297550682546,-0.326330885547253,"C2_GS_2018_1654"
"306","UG16F313P044",-0.0165614291975057,0.0118973791648463,-0.2589689188729,-0.00412030945439172,0.210486338735358,0.193820350910381,0.0909703688084683,0.480211320095225,0.429004360733626,0.533331901169827,"C2_GS_2018_1664"
"307","UG16F313P051",-0.0223174291006614,-0.030608151408189,1.70263774279305,0.0258965135908346,-0.13953861262792,0.0403997035980463,0.478901356945376,0.382160265326609,0.525507253110995,-0.377916257926123,"C2_GS_2018_2161"
"308","UG16F313P061",0.0267544914209823,-0.022419604639642,1.33432515286168,0.0057167869581018,-0.496436437943866,-0.413992365581504,-0.237673760631563,-0.129605037129221,0.0493464880874803,0.333458529707596,"C2_GS_2018_2171"
"309","UG16F313P062",0.0017024851700187,0.000918479827928363,0.335397912479461,-0.00786973754400606,0.191060361549925,0.0543334565625207,-0.0204293894815366,0.437345784006326,0.361514873340333,0.508839281587713,"C2_GS_2018_2172"
"310","UG16F313P071",-0.00383811260090761,0.0157636068169135,0.14366154162052,0.00330982006090244,0.609056300265992,0.396202390799726,0.0871255602822247,0.306634532169623,0.487112318789261,0.343721514485265,"C2_GS_2018_2181"
"311","UG16F313P075",0.0265529706769278,-0.00883130267897248,-1.24474116757613,-0.012740364998173,0.247454754342235,-0.0336317882687722,-0.0321209222338108,0.103250010230713,0.179798927794744,0.0343918170400128,"C2_GS_2018_2185"
"312","UG16F314P031",-0.0149065857722048,0.0100648697084423,-1.21256917051875,0.0208863519086522,0.825910362693001,0.409300126628876,0.176612086042458,-0.146647651694105,-0.1715301904068,0.125753014624401,"C2_GS_2018_1681"
"313","UG16F314P041",-1.92533594904899e-06,-0.0094562411045805,-0.0479871512151673,-0.0018171381006359,0.0544753417781745,0.13121813115812,0.0162233559869654,0.0491074409260039,-0.157700318887652,0.47378261695257,"C2_GS_2018_2271"
"314","UG16F314P042",-0.00219732493694376,0.0101400738987111,-0.0340572724039266,-0.0193659882179155,0.238027356034692,0.145099168233932,-0.000764806583694814,-0.136090540810253,-0.19723397017885,0.325344148580872,"C2_GS_2018_2272"
"315","UG16F314P045",0.00312076589191346,0.0064745988532241,-0.377321693698689,-0.0266000987549878,0.0065246845688182,0.0151305507475487,-0.0764256308864071,0.319041552171915,0.341036999789619,-0.0127203133876578,"C2_GS_2018_2275"
"316","UG16F314P046",-0.0284981377971049,0.0113309051788909,0.993804406124227,-0.0213998389840928,-0.0116548868669203,0.202852848905297,0.0974383453836652,0.240801037426333,0.348471112693019,-0.305546360917115,"C2_GS_2018_2276"
"317","UG16F315P001",-0.0361666481731188,0.0287378277326006,-0.699186063314554,0.00130625355088757,0.433000691334388,0.462399407941495,0.158073941909888,0.200113913384111,0.155993894998171,0.21956662168288,"C2_GS_2018_1911"
"318","UG16F315P005",0.00496529672619419,0.0129427733284195,-0.358221730699135,-0.000265727096240746,0.0704176227522199,-0.00532873844424988,0.0100414732263207,-0.1824629836441,-0.273094950986894,0.279369376368062,"C2_GS_2018_1915"
"319","UG16F315P036",0.00347943176273718,0.0304426084463094,-0.0582657823803182,-0.0215788266038308,0.17524982367893,0.142276190425439,0.0274957451312137,0.346433580812338,0.187748578350234,0.545407025980524,"C2_GS_2018_1946"
"320","UG16F316P004",0.00814336849142403,-0.000820359169730448,1.16578590512582,-0.0126450969411853,-0.0101924266139687,-0.0634553525176597,0.00637515197639545,-0.258438739425821,-0.423298458736529,0.0423885697391215,"C2_GS_2018_2094"
"321","UG16F316P010",0.00585447835505461,0.00278098063146257,-0.205019969859645,0.00852134341264418,0.015656740921419,-0.0291718788952391,0.0710557222410376,0.369564220146068,0.456477365257781,0.0103285485437836,"C2_GS_2018_2100"
"322","UG16F316P011",-0.00210703968764709,0.0109172641860976,0.146671652049246,0.0083759548634139,-0.510747340951053,-0.229262654287262,-0.00633219936931448,-0.174108216175736,-0.252207250621191,-0.435145295545598,"C2_GS_2018_2101"
"323","UG16F316P023",-0.0496449494675366,0.0213971987571032,2.3637037332844,0.0151166091844919,-0.238277828235645,0.160146429052334,0.240253488723355,-0.279389588979556,-0.383665742552956,-0.191192350456145,"C2_GS_2018_2113"
"324","UG16F318P003",-0.0124246762625505,0.0311226325951129,0.903433676749756,-0.0115607185116688,0.372476211971748,0.329876586801337,0.155915878583977,0.185631906302588,0.209294380367198,-0.0452870695573835,"C2_GS_2018_2203"
"325","UG16F318P004",-0.00762127998513062,-0.0125782632069848,0.564983500591197,0.00752737817676515,-0.30757797989825,-0.225446711094732,0.0647178341405802,-0.0667056630895419,-0.128019386159653,-0.14477760941011,"C2_GS_2018_2204"
"326","UG16F318P006",-0.00673938615328383,-0.00647823399310569,-0.0380970665536887,-0.0107993243313422,0.161959675559125,0.12769493741375,0.0301819524388881,-0.0977858126810386,-0.281072245172424,-0.0182615195047626,"C2_GS_2018_2206"
"327","UG16F318P013",-0.0216846392725433,-0.00288954888708143,0.428110369627349,0.00549006834951244,-0.0548040790319399,0.190872197914199,0.115509597215597,-0.204803668470164,-0.290405916768648,-0.1335717603138,"C2_GS_2018_2213"
"328","UG16F318P014",-0.0185961876001339,-0.0098235846697736,1.15851423735973,-0.00571406745005535,0.0447798840680151,0.221418434813456,0.0598484130458457,-0.185101187052482,-0.264356295811983,-0.439158296223868,"C2_GS_2018_2214"
"329","UG16F318P016",-0.0279754630697684,0.021936631999887,0.61597259132276,-0.0289472536240351,0.532515319584089,0.474673340182237,0.131658049842961,-0.186205289608674,-0.283264353556127,0.177827143299313,"C2_GS_2018_2216"
"330","UG16F318P024",-0.0063636774776821,0.0354023150790528,-0.477511717415393,-0.0369634174593805,0.658491586572276,0.342174949339913,0.111338689742397,-0.162533601306718,-0.0527456075027797,0.254095148604335,"C2_GS_2018_2224"
"331","UG16F319P002",0.0264677797901589,-0.0272977953676667,-2.45764491704242,0.034702945620593,-0.1495528959834,-0.309229177619565,-0.164033472440316,-0.29098282106713,-0.352568743150811,-0.241979886576222,"C2_GS_2018_2232"
"332","UG16F319P004",0.000126661777174811,-0.0116481302396709,0.82322612884081,0.00575518958353947,0.130339966867474,0.0261520162822914,-0.0505395533481766,0.0573587306884341,-0.0406517939172589,-0.312583459485889,"C2_GS_2018_2234"
"333","UG16F319P007",0.0172369466896685,0.00177942173211072,0.279750551696731,-0.0170012878586753,-0.245081626705442,-0.322339642057934,-0.106746055585591,0.0911145894208737,0.0331886025734496,-0.217715263114942,"C2_GS_2018_2237"
"334","UG16F319P026",-0.0185096611003658,0.0241360066337911,0.701418422832073,-0.00369139199498354,0.312283913536615,0.286060463482411,0.122190196394027,-0.114497025724994,0.152864854910422,0.0346465973619755,"C2_GS_2018_2256"
"335","UG16F319P029",-0.0100067871085909,-0.00988599584502051,-0.0637516039421857,0.00255674335827738,-0.465232233321319,-0.224294960625891,-0.0794404474678175,-0.0459013618289579,0.178577583837028,-0.444027630456683,"C2_GS_2018_2259"
"336","UG16F319P032",-0.00190852591723741,-0.00681720694202865,0.124179545033358,-0.00572367781117333,0.113804494495882,0.156111996669278,-0.0434884390594446,-0.306372690266375,-0.244313802729178,-0.118568468948476,"C2_GS_2018_2262"
"337","UG16F320P002",-0.0260211704590061,0.00838986175066723,0.779964176125799,-0.00495469249072296,-0.120551539714004,0.175373232782121,0.0707387346308407,-0.0473296294442562,-0.191276737543866,0.119048334356069,"C2_GS_2018_2312"
"338","UG16F320P003",0.00596417955780235,0.0166073060553239,0.390516968504996,0.0093525834034505,-0.140297953875033,-0.132919562952782,-0.0262503804843524,-0.180032965227258,0.0235898709471173,-0.0127876238327984,"C2_GS_2018_2313"
"339","UG16F320P006",-0.0138884533531398,-0.00261655915898043,0.0519659499829039,0.0288539388394378,0.0671257311918457,0.0476986734548112,0.0573448329834189,-0.1744139645965,-0.103736220727057,-0.165612553709984,"C2_GS_2018_2316"
"340","UG16F320P008",-0.00747620681522758,0.00302706689501097,0.690806565404968,0.0113777168220081,-0.179834139236096,-0.0540905555297784,0.0248407730394529,0.0427680746063883,0.446521514728053,-0.120242812830466,"C2_GS_2018_2318"
"341","UG16F320P009",0.0470283964679696,-0.0302120924645557,2.67137966492365,0.0307986252754967,-0.133487353636989,-0.469281296737934,-0.10741482465631,-0.239918087662874,-0.208607042787772,-0.291033536547364,"C2_GS_2018_2319"
"342","UG16F320P013",-0.00348226050320491,0.00647639929066387,-0.950495790433652,0.00889039053532723,-0.287420777085636,-0.15277440564496,0.00434173493256168,-0.201642692166816,-0.26316614029835,-0.265875322185981,"C2_GS_2018_2323"
"343","UG16F320P017",0.0126627328675789,-0.0193349728527058,0.454668587476547,0.00842499829799846,-0.293031964538897,-0.269648208717326,-0.0403382398583038,0.151064447018972,0.148051953603597,-0.139768686613551,"C2_GS_2018_2327"
"344","UG16F320P019",0.0557926667020101,0.000996319288563583,1.38559313418857,-0.047743180194468,-0.81689199606056,-0.719966916659264,-0.317906853356433,-0.15115988094902,-0.189356838353482,-0.250635161748365,"C2_GS_2018_2329"
"345","UG16F320P024",-0.0116613411607546,0.00351335506890038,-1.41911975692429,-0.0196297900976823,-0.207843588503358,0.0464047180799365,0.0337335763825672,-0.31788230854831,-0.373330876577467,-0.0740188044075981,"C2_GS_2018_2334"
"346","UG16F320P032",0.0232545468593749,-0.0088649784933346,-0.44385433888329,-0.0011490140648643,-0.155849300218172,-0.280159721477549,-0.0642459864045065,-0.178300496631184,-0.206098796784764,-0.28517137359662,"C2_GS_2018_2342"
